{
    "1": {
        "mean": [
            0.09160179786384105,
            0.10094623260200024,
            0.10110330734401941,
            0.08753500087559223
        ],
        "std": [
            0.003174238373382734,
            0.0047380550929049334,
            0.004732441643657059,
            0.0027585736270066856
        ]
    },
    "0.9": {
        "mean": [
            0.09602264901250601,
            0.10569333773106336,
            0.10585757978260517,
            0.0917963755428791
        ],
        "std": [
            0.0032597389657481705,
            0.004868477741281355,
            0.004862626101916692,
            0.002823059895874138
        ]
    },
    "0.8": {
        "mean": [
            0.10148636400699615,
            0.11155143248289824,
            0.11172466905415059,
            0.09706601617485285
        ],
        "std": [
            0.003363714119747391,
            0.0050267591600515246,
            0.0050205107040761365,
            0.002901806345060289
        ]
    },
    "0.7": {
        "mean": [
            0.10839026878029108,
            0.11893962068855762,
            0.1191237072572112,
            0.10373144680261612
        ],
        "std": [
            0.0034957892862656145,
            0.005226557213657574,
            0.00521989248759633,
            0.0030020390258872626
        ]
    },
    "0.6": {
        "mean": [
            0.11741912838071585,
            0.12857764759659768,
            0.1287759274020791,
            0.11245725481212139
        ],
        "std": [
            0.003662012328667129,
            0.005479332746567464,
            0.005472035689073,
            0.003127582253619525
        ]
    },
    "0.5": {
        "mean": [
            0.1297218043729663,
            0.14166798155009747,
            0.141885010920465,
            0.12436598355323077
        ],
        "std": [
            0.003884398226911532,
            0.00581469251201926,
            0.005806527080183081,
            0.003296127385123398
        ]
    },
    "0.4": {
        "mean": [
            0.14747160049527883,
            0.16047657400369644,
            0.1607196456193924,
            0.14157933642715215
        ],
        "std": [
            0.004192001644254664,
            0.00627449222986666,
            0.006264924568722689,
            0.00353031544599354
        ]
    },
    "0.3": {
        "mean": [
            0.17538881109654902,
            0.1898707185089588,
            0.19015226158499718,
            0.16873549816012381
        ],
        "std": [
            0.004629436137601389,
            0.006924392476786917,
            0.006912543548503423,
            0.0038619793569561953
        ]
    },
    "0.2": {
        "mean": [
            0.22572848990559577,
            0.24237544707953929,
            0.2427195135653019,
            0.21792246903479098
        ],
        "std": [
            0.005280904892694824,
            0.007862799554859648,
            0.00784625146938113,
            0.0043603248545412004
        ]
    },
    "0.1": {
        "mean": [
            0.3443928355574608,
            0.3639654361605644,
            0.3644178690314293,
            0.33487802955508233
        ],
        "std": [
            0.006058583115744476,
            0.008844369551595926,
            0.008817543402693057,
            0.004971158607237944
        ]
    }
}