{
    "1": {
        "mean": [
            0.17082410565018655,
            0.27575956234335897,
            0.2764904918298125,
            0.22981930030882358
        ],
        "std": [
            0.02036849175337563,
            0.04957602485084045,
            0.04976234323017678,
            0.040266706239465315
        ]
    },
    "0.9": {
        "mean": [
            0.17747632895410062,
            0.2839504810385406,
            0.28468947469443084,
            0.23729434052854775
        ],
        "std": [
            0.021178571967522312,
            0.05041210281191777,
            0.05059998888994381,
            0.04122168213903068
        ]
    },
    "0.8": {
        "mean": [
            0.18556270818039775,
            0.29379899199306964,
            0.2945451067015529,
            0.24631347589567304
        ],
        "std": [
            0.022148579552300242,
            0.05136469451430102,
            0.0515561859087509,
            0.04233402268911795
        ]
    },
    "0.7": {
        "mean": [
            0.19560593469068407,
            0.3058649439290166,
            0.30661960481107237,
            0.2574181512258947
        ],
        "std": [
            0.02333146617648644,
            0.05246439427896993,
            0.05265891225764663,
            0.0436450497977858
        ]
    },
    "0.6": {
        "mean": [
            0.2084264618307352,
            0.3210208857730031,
            0.32178347039967775,
            0.27145042310655115
        ],
        "std": [
            0.02480280316369983,
            0.053730551286653785,
            0.05392822049958422,
            0.045202289143532456
        ]
    },
    "0.5": {
        "mean": [
            0.22539409349113704,
            0.34067352885752916,
            0.341443183042109,
            0.2897876798659563
        ],
        "std": [
            0.026672847418767562,
            0.05517713578178947,
            0.05537628524932116,
            0.04706452266418476
        ]
    },
    "0.4": {
        "mean": [
            0.2489655132815242,
            0.3672772275060415,
            0.368053027048707,
            0.3148553743958473
        ],
        "std": [
            0.029105653828917624,
            0.05676793716105388,
            0.05696559913684038,
            0.04928668121379701
        ]
    },
    "0.3": {
        "mean": [
            0.2841080924123526,
            0.4055846026018262,
            0.4063532922565937,
            0.3514591411873698
        ],
        "std": [
            0.0323304926664542,
            0.05829170955376442,
            0.0584873536973603,
            0.05182762608378538
        ]
    },
    "0.2": {
        "mean": [
            0.3427554865330458,
            0.46638321214914324,
            0.46712137255072594,
            0.41079925061762335
        ],
        "std": [
            0.03649338152175226,
            0.058779670256021876,
            0.058965875387004874,
            0.05410218677906206
        ]
    },
    "0.1": {
        "mean": [
            0.46432873971760275,
            0.5825494574904442,
            0.5831627517193556,
            0.5285162482708693
        ],
        "std": [
            0.03966308345932304,
            0.05302921166731134,
            0.05318984624800399,
            0.05174560995441424
        ]
    }
}