{
    "1": {
        "mean": [
            0.09054877188801766,
            0.16744600489363073,
            0.1674459789134562,
            0.13554663753136992
        ],
        "std": [
            0.00944299056924086,
            0.02461722260040818,
            0.024623701762336386,
            0.01898583109017818
        ]
    },
    "0.9": {
        "mean": [
            0.09456811113283038,
            0.1737376105412841,
            0.17373791038244962,
            0.14093780449032783
        ],
        "std": [
            0.009990776668155512,
            0.025616629241855853,
            0.025622476195397908,
            0.019853414357137354
        ]
    },
    "0.8": {
        "mean": [
            0.09949312764033676,
            0.18137426948547364,
            0.1813739944845438,
            0.1475064902305603
        ],
        "std": [
            0.01067352075184872,
            0.0268224736406533,
            0.026828034012964352,
            0.0209134473408858
        ]
    },
    "0.7": {
        "mean": [
            0.105671422585845,
            0.19083567649126054,
            0.19083473047614097,
            0.15567718806117772
        ],
        "std": [
            0.011545134606692686,
            0.028317637404814223,
            0.028322996962866893,
            0.022243591348913967
        ]
    },
    "0.6": {
        "mean": [
            0.11367372092232109,
            0.2028857149258256,
            0.20288386487960816,
            0.1661473018452525
        ],
        "std": [
            0.012690582550154695,
            0.03020177834680498,
            0.030207160709473144,
            0.02394756843570672
        ]
    },
    "0.5": {
        "mean": [
            0.12443292090296745,
            0.2187728887423873,
            0.21877097130566836,
            0.1800442739278078
        ],
        "std": [
            0.014266023144123743,
            0.03266025330868785,
            0.032665098681368875,
            0.02621842317673565
        ]
    },
    "0.4": {
        "mean": [
            0.139709975797683,
            0.24073716252297164,
            0.2407340837419033,
            0.19943858666718006
        ],
        "std": [
            0.01655335417931852,
            0.03598171373616388,
            0.03598657634208344,
            0.029373978174438764
        ]
    },
    "0.3": {
        "mean": [
            0.16321426463127137,
            0.273310204282403,
            0.2733060076534748,
            0.22856619250029325
        ],
        "std": [
            0.020134485578888923,
            0.04065303690370456,
            0.040657029669032604,
            0.034010213912018576
        ]
    },
    "0.2": {
        "mean": [
            0.20431948236376046,
            0.3271881681382656,
            0.32718207089602946,
            0.2776912291198969
        ],
        "std": [
            0.026455653785424714,
            0.04755473048171091,
            0.047558053799179656,
            0.04137687309428134
        ]
    },
    "0.1": {
        "mean": [
            0.29719601552188396,
            0.43753382067382335,
            0.4375266638249159,
            0.3818337057381868
        ],
        "std": [
            0.039838752302684424,
            0.05724845524301131,
            0.05724646242206263,
            0.053818937924744764
        ]
    }
}