{
    "1": {
        "mean": [
            0.094515181385912,
            0.19178660077415408,
            0.19192924667149783,
            0.1754672914426774
        ],
        "std": [
            0.012827829426022166,
            0.03869734902517362,
            0.03891114382645904,
            0.0359242504034169
        ]
    },
    "0.9": {
        "mean": [
            0.09851815966982394,
            0.1981518222168088,
            0.19828767310455442,
            0.18142142229713498
        ],
        "std": [
            0.013513145912026788,
            0.03980866814779723,
            0.04001378200273045,
            0.03705838519271744
        ]
    },
    "0.8": {
        "mean": [
            0.10340958567894995,
            0.20584199466370046,
            0.20596961171738803,
            0.18862233106046916
        ],
        "std": [
            0.014356846566814104,
            0.041131625599451785,
            0.041326963604410696,
            0.03841377307281129
        ]
    },
    "0.7": {
        "mean": [
            0.10953853037394583,
            0.21533300312422216,
            0.215451951418072,
            0.197522051172331
        ],
        "std": [
            0.015418876378668409,
            0.04273083679303406,
            0.042913277912004395,
            0.04005918484324917
        ]
    },
    "0.6": {
        "mean": [
            0.11743866095505655,
            0.22736274563521147,
            0.22747190491855143,
            0.20881934438832103
        ],
        "std": [
            0.016797898247837593,
            0.044696871961974326,
            0.04486405856877519,
            0.042096210991738006
        ]
    },
    "0.5": {
        "mean": [
            0.12802491344325245,
            0.24313574957102538,
            0.24323241860792041,
            0.2236649296823889
        ],
        "std": [
            0.01865593377617029,
            0.04717283225306833,
            0.04732102771468335,
            0.04468191973641935
        ]
    },
    "0.4": {
        "mean": [
            0.14299098371528088,
            0.26480755547061563,
            0.264889930985868,
            0.24412235414423047
        ],
        "std": [
            0.021289029926823348,
            0.050370442465303714,
            0.05049394421804329,
            0.048060460943718186
        ]
    },
    "0.3": {
        "mean": [
            0.16587898330762982,
            0.29669298128038646,
            0.29675925286114213,
            0.27435449181869626
        ],
        "std": [
            0.02529005374894684,
            0.05459540579450227,
            0.054687777876994706,
            0.05260514120639745
        ]
    },
    "0.2": {
        "mean": [
            0.20563687582686543,
            0.34899610963463784,
            0.3490466368049383,
            0.32431440310925247
        ],
        "std": [
            0.03204356902225831,
            0.06023442329543546,
            0.06028242311326097,
            0.0588660414861218
        ]
    },
    "0.1": {
        "mean": [
            0.2950289638414979,
            0.4553658885061741,
            0.4554154954701662,
            0.4275544430017471
        ],
        "std": [
            0.04533049125383941,
            0.06633184325428557,
            0.06630363289000929,
            0.06633421721825922
        ]
    }
}