{
    "1": {
        "mean": [
            0.05076417695730925,
            0.10138613998889923,
            0.10139126237481833,
            0.08010516870766878
        ],
        "std": [
            0.004494512707534058,
            0.014274899235754588,
            0.014286849579558752,
            0.010517539490642634
        ]
    },
    "0.9": {
        "mean": [
            0.06522482026740908,
            0.12191274316236377,
            0.12191667427867652,
            0.0982354648374021
        ],
        "std": [
            0.005446391694000321,
            0.01595131266068672,
            0.015961770268188524,
            0.0119751474047746
        ]
    },
    "0.8": {
        "mean": [
            0.08462755480781198,
            0.14788759674504398,
            0.14789128163456916,
            0.12164053208008409
        ],
        "std": [
            0.006675869198656307,
            0.01784062392117252,
            0.017849800638195162,
            0.01370905255875327
        ]
    },
    "0.7": {
        "mean": [
            0.11089468094334007,
            0.18103239557892084,
            0.18103499770164488,
            0.15213061786442994
        ],
        "std": [
            0.008229901941132121,
            0.019867875145204716,
            0.019875589301086044,
            0.015694981047427545
        ]
    },
    "0.6": {
        "mean": [
            0.14681495900452138,
            0.2237193976417184,
            0.2237220344245434,
            0.1922489986345172
        ],
        "std": [
            0.010106740882941893,
            0.021851324323244506,
            0.021856872685938195,
            0.017821694493755064
        ]
    },
    "0.5": {
        "mean": [
            0.19642064519971608,
            0.2792224335372448,
            0.2792248808592558,
            0.24557335589826107
        ],
        "std": [
            0.012180987207153639,
            0.02341867472017277,
            0.023422412662129674,
            0.019796329144229137
        ]
    },
    "0.4": {
        "mean": [
            0.26567091047763824,
            0.35217622536420823,
            0.35218199649453164,
            0.31726537320017817
        ],
        "std": [
            0.01404652206673948,
            0.023859502906602548,
            0.023859122882837314,
            0.020983214921575885
        ]
    },
    "0.3": {
        "mean": [
            0.3633506284058094,
            0.4490320893228054,
            0.4490389442443848,
            0.41469369557499886
        ],
        "std": [
            0.014791243169867074,
            0.022089564060991246,
            0.022086045248256025,
            0.020278110424358647
        ]
    },
    "0.2": {
        "mean": [
            0.5028615238666534,
            0.5791641882061959,
            0.5791734494566917,
            0.5487927228212357
        ],
        "std": [
            0.012801194075116817,
            0.01674506175814383,
            0.016740105471864664,
            0.016091914335045976
        ]
    },
    "0.1": {
        "mean": [
            0.7045875960588455,
            0.7561536008119583,
            0.7561624793410301,
            0.7357698007822037
        ],
        "std": [
            0.00641784459836825,
            0.0073959223310727795,
            0.007391756975726915,
            0.007435525045105251
        ]
    }
}