{
    "1": {
        "mean": [
            0.054230126502923665,
            0.12322850344423204,
            0.12346591296978295,
            0.11167765609454364
        ],
        "std": [
            0.006260833544979893,
            0.025913331329864314,
            0.0262322528799091,
            0.023172110033691524
        ]
    },
    "0.9": {
        "mean": [
            0.06856697243452071,
            0.14393821425922215,
            0.14415835883282124,
            0.13130780254304408
        ],
        "std": [
            0.007480699136441151,
            0.02778027641067045,
            0.02807452105025575,
            0.025115883430358678
        ]
    },
    "0.8": {
        "mean": [
            0.08770624046958983,
            0.1698853472713381,
            0.17008925117179752,
            0.15610731700994074
        ],
        "std": [
            0.008990573514579367,
            0.029715020226544913,
            0.029978263715075143,
            0.027177086692579247
        ]
    },
    "0.7": {
        "mean": [
            0.11354271452501416,
            0.2027248315140605,
            0.2029138371422887,
            0.18778378293663264
        ],
        "std": [
            0.010821374276310334,
            0.031575072935828334,
            0.031803359951235205,
            0.029227364222623987
        ]
    },
    "0.6": {
        "mean": [
            0.14879795517027378,
            0.2447141260765493,
            0.24489118099212648,
            0.22869243597611785
        ],
        "std": [
            0.01295395306492941,
            0.03310026733218732,
            0.03328628113903484,
            0.03101291515434254
        ]
    },
    "0.5": {
        "mean": [
            0.19744699858129025,
            0.29897639208287,
            0.2991470238417387,
            0.2821236999109387
        ],
        "std": [
            0.015244532636457815,
            0.033840710727802883,
            0.0339762078626621,
            0.03208306454124968
        ]
    },
    "0.4": {
        "mean": [
            0.2653579265102744,
            0.36989732832461597,
            0.37007166251540186,
            0.3527474826350808
        ],
        "std": [
            0.017291411013459712,
            0.033061312629710515,
            0.033136214661022234,
            0.031676530243783765
        ]
    },
    "0.3": {
        "mean": [
            0.36134759257733823,
            0.4636811392903328,
            0.46387402798235416,
            0.44723985315859316
        ],
        "std": [
            0.018225769150656435,
            0.02971389359300386,
            0.029712033817929695,
            0.028668899330796
        ]
    },
    "0.2": {
        "mean": [
            0.4988011525273323,
            0.5893030967414379,
            0.5895371125787496,
            0.575331568017602
        ],
        "std": [
            0.016555315334710746,
            0.022619169436982334,
            0.022517635455057694,
            0.02174105105965296
        ]
    },
    "0.1": {
        "mean": [
            0.6981630319058895,
            0.759767394721508,
            0.7600796861350536,
            0.7512436761260033
        ],
        "std": [
            0.01136953808627289,
            0.012056615116900926,
            0.01181599549273793,
            0.010964519436452158
        ]
    }
}