{
    "1": {
        "mean": [
            0.04938424286618829,
            0.05522516435384751,
            0.05531016415730119,
            0.04700115132704377
        ],
        "std": [
            0.002319660898865776,
            0.0034434376209164373,
            0.0034397993451394065,
            0.0021091634377871614
        ]
    },
    "0.9": {
        "mean": [
            0.06583209731429815,
            0.07250935654342175,
            0.07261414255201816,
            0.06303048196062445
        ],
        "std": [
            0.002436679915913731,
            0.0036178703222976743,
            0.0036137954848267408,
            0.0021926572617337724
        ]
    },
    "0.8": {
        "mean": [
            0.08815281332284212,
            0.0957388738244772,
            0.0958665047287941,
            0.0848882337808609
        ],
        "std": [
            0.002560443423840965,
            0.003801411646738263,
            0.003796699827004639,
            0.002279112141237055
        ]
    },
    "0.7": {
        "mean": [
            0.11848049821704626,
            0.12701224611699583,
            0.1271650079935789,
            0.11472431851923466
        ],
        "std": [
            0.0026777409362895455,
            0.003973371664998816,
            0.003967870828057052,
            0.0023566803924757775
        ]
    },
    "0.6": {
        "mean": [
            0.15973290832340717,
            0.16917923334240914,
            0.16935840736329555,
            0.1554865928441286
        ],
        "std": [
            0.0027625821440710983,
            0.004094102514582712,
            0.004087631646955515,
            0.0024044821192332963
        ]
    },
    "0.5": {
        "mean": [
            0.2158824203312397,
            0.22609772819280624,
            0.2263022559583187,
            0.2112020155340433
        ],
        "std": [
            0.0027798666999250266,
            0.004105527038673812,
            0.004097994799939095,
            0.0023957565456440913
        ]
    },
    "0.4": {
        "mean": [
            0.29243004605174067,
            0.30307638192176817,
            0.3033002673983574,
            0.2874664667546749
        ],
        "std": [
            0.0026374806023998637,
            0.0038835792194843732,
            0.0038754511912250655,
            0.002251263460330999
        ]
    },
    "0.3": {
        "mean": [
            0.3968339975476265,
            0.407272336602211,
            0.4075022165775299,
            0.3918887970149517
        ],
        "std": [
            0.002255687920771604,
            0.0033084790436296307,
            0.0033003526060325084,
            0.0019097645570757549
        ]
    },
    "0.2": {
        "mean": [
            0.5393075035214424,
            0.5484354822039604,
            0.5486450523734093,
            0.5349190444350242
        ],
        "std": [
            0.0015774623097798424,
            0.0022949034536520196,
            0.0022888735171061603,
            0.0013280825361861592
        ]
    },
    "0.1": {
        "mean": [
            0.733912925183773,
            0.7399224805235862,
            0.7400655438899993,
            0.730982724070549
        ],
        "std": [
            0.0006793217696399179,
            0.000950205019783601,
            0.0009480431202087969,
            0.0005833013666098896
        ]
    }
}