{
    "1": {
        "mean": [
            0.10164572763070465,
            0.18464397583156825,
            0.18523392182588577,
            0.14850278042256831
        ],
        "std": [
            0.011611111812341288,
            0.03809509555499879,
            0.03821255390596063,
            0.028154847624211735
        ]
    },
    "0.9": {
        "mean": [
            0.12344149938970804,
            0.21021379283815622,
            0.2108225619904697,
            0.1723315853998065
        ],
        "std": [
            0.012947819261625755,
            0.03921217703482784,
            0.03933912129328303,
            0.029672454515865886
        ]
    },
    "0.8": {
        "mean": [
            0.15108130294084549,
            0.24124179671704768,
            0.24186317089572548,
            0.20175653582438827
        ],
        "std": [
            0.014359098252119451,
            0.040004633292279934,
            0.040139887483174694,
            0.0310266013672007
        ]
    },
    "0.7": {
        "mean": [
            0.18635460989922284,
            0.2791585745587945,
            0.2797849455624819,
            0.2383729561045766
        ],
        "std": [
            0.015735208862698802,
            0.04022829272126169,
            0.04036733621422825,
            0.032000335903380465
        ]
    },
    "0.6": {
        "mean": [
            0.2316469251513481,
            0.3258358625546098,
            0.3264551006183028,
            0.28427800472825765
        ],
        "std": [
            0.01687622018440734,
            0.03952240109468724,
            0.03966140721879284,
            0.032269125807004126
        ]
    },
    "0.5": {
        "mean": [
            0.2901658736467361,
            0.3837184449732304,
            0.3843149339258671,
            0.34226460583508017
        ],
        "std": [
            0.017449363731626297,
            0.03740412146655292,
            0.03753580890019534,
            0.03135765452452208
        ]
    },
    "0.4": {
        "mean": [
            0.3662385910898447,
            0.4560401984155178,
            0.4565934006869793,
            0.4160718040019274
        ],
        "std": [
            0.016950583427137067,
            0.033269125507234654,
            0.03338562870215156,
            0.028640780857877912
        ]
    },
    "0.3": {
        "mean": [
            0.4657243218719959,
            0.5470767774581909,
            0.5475589793026447,
            0.5107030644416809
        ],
        "std": [
            0.014747789751286516,
            0.026542891624869946,
            0.02663429472488038,
            0.02346040764592222
        ]
    },
    "0.2": {
        "mean": [
            0.5965843547582627,
            0.6625332195162773,
            0.6629062694311142,
            0.6329120682179927
        ],
        "std": [
            0.01032568915116433,
            0.017089923346682412,
            0.01714866883093824,
            0.015494109561299985
        ]
    },
    "0.1": {
        "mean": [
            0.769704373061657,
            0.810047226011753,
            0.8102662595510483,
            0.7918554738163948
        ],
        "std": [
            0.0041395338613031685,
            0.006356715557684911,
            0.006374860806081184,
            0.0058769769242149605
        ]
    }
}